Parameter,Value
A,GCA,log,mu,0.374490582
A,GCA,log,mu,-1.424417129
A,GCC,log,mu,-1.718958793
A,GCC,Delta,eta,0.810607103
A,GCG,Delta,eta,1.130918916
A,GCG,Delta,eta,1.90904142
C,TGC,log,mu,1.973079752
C,TGC,Delta,eta,1.257158066
D,GAC,log,mu,-1.330706301
D,GAC,Delta,eta,1.787807915
E,GAA,log,mu,-1.550917355
E,GAA,Delta,eta,0.793128406
F,TTC,log,mu,1.46763353
F,TTC,Delta,eta,0.063318881
G,GGA,log,mu,-0.486165894
G,GGA,log,mu,-1.259082758
G,GGC,log,mu,-0.603381415
G,GGC,Delta,eta,-1.953988728
G,GGG,Delta,eta,1.67716387
G,GGG,Delta,eta,-1.670601541
H,CAC,log,mu,1.101075802
H,CAC,Delta,eta,1.268001456
I,ATA,log,mu,1.986682995
I,ATA,log,mu,-1.568866714
I,ATC,Delta,eta,-0.7988282
I,ATC,Delta,eta,-1.40465533
K,AAA,log,mu,-0.3116179
K,AAA,Delta,eta,1.90473292
L,CTA,log,mu,-0.095913609
L,CTA,log,mu,0.323153986
L,CTC,log,mu,0.111312551
L,CTC,log,mu,-0.235514257
L,CTG,log,mu,-0.163191377
L,CTG,Delta,eta,0.369766368
L,CTT,Delta,eta,-0.774865102
L,CTT,Delta,eta,1.064012467
L,TTA,Delta,eta,1.823095657
L,TTA,Delta,eta,-1.516669065
N,AAC,log,mu,-1.709628007
N,AAC,Delta,eta,1.84948503
P,CCA,log,mu,-1.25360838
P,CCA,log,mu,0.3989448
P,CCC,log,mu,-0.375611014
P,CCC,Delta,eta,0.789388644
P,CCG,Delta,eta,-0.786815833
P,CCG,Delta,eta,-0.055337731
Q,CAA,log,mu,1.700148853
Q,CAA,Delta,eta,-0.802224186
R,AGA,log,mu,-1.111926693
R,AGA,log,mu,0.456348555
R,AGG,log,mu,-0.785706818
R,AGG,log,mu,0.207926319
R,CGA,log,mu,-1.258448163
R,CGA,Delta,eta,-1.480856011
R,CGC,Delta,eta,-1.945382364
R,CGC,Delta,eta,-0.590918291
R,CGG,Delta,eta,1.756155871
R,CGG,Delta,eta,0.106842966
S,TCA,log,mu,0.515108455
S,TCA,log,mu,-1.17906222
S,TCC,log,mu,-1.767051926
S,TCC,Delta,eta,0.696692441
S,TCG,Delta,eta,0.884922272
S,TCG,Delta,eta,-0.457108515
T,ACA,log,mu,0.176405049
T,ACA,log,mu,1.466150183
T,ACC,log,mu,0.597927419
T,ACC,Delta,eta,1.225855132
T,ACG,Delta,eta,-1.344881768
T,ACG,Delta,eta,-0.87187791
V,GTA,log,mu,0.459401557
V,GTA,log,mu,-1.617340569
V,GTC,log,mu,1.587785155
V,GTC,Delta,eta,1.143083444
V,GTG,Delta,eta,0.060109245
V,GTG,Delta,eta,-1.746919859
Y,TAC,log,mu,1.150278183
Y,TAC,Delta,eta,-0.304340983
Z,AGC,log,mu,1.824311871
Z,AGC,Delta,eta,1.83675951
